Predictor,MAE,MSE,Pearson,Spearman,Top-10% AUROC,Top-10% AUPRC
reliability_a4_image_only,0.0801003500819206,0.0270614065229892,0.9715087801338286,0.9515419043466166,0.9823529955454312,0.8413252956739649
reliability_full,0.082852579653263,0.0277470741420984,0.9707918354637284,0.9403409129203844,0.9820529222835672,0.8397044839762796
image_gradient,0.4181135892868042,0.6166151165962219,0.6331196782142868,0.8055820232894434,0.9409922836378544,0.5802186162563268
xhat_magnitude,0.3403294384479522,0.4033153057098388,0.7486665698611228,0.8806796981275007,0.947641007682806,0.5723451582425446
psf_gain_channel,0.2445298880338668,0.2023220509290695,0.924253379180878,0.920744014851776,0.9492146939465552,0.5314927760428244
intervention_magnitude,0.5424048900604248,0.5004557371139526,0.0998289420792915,0.3801161421869927,0.5060634490291744,0.1587895938453303
