{
  "experiment_id": "exp010_bootstrap_metrics",
  "n_iterations": 1000,
  "num_test_volumes": 40,
  "confidence_level": 0.95,
  "top_risk_fraction": 0.1,
  "reference_predictor": "reliability_a4_image_only",
  "predictors": [
    "reliability_a4_image_only",
    "reliability_full",
    "image_gradient",
    "xhat_magnitude",
    "psf_gain_channel",
    "intervention_magnitude"
  ],
  "best_by_auprc_mean": {
    "predictor": "reliability_a4_image_only",
    "n_bootstrap": 1000,
    "mae_mean": 0.08031062115250674,
    "mae_median": 0.08017519228393002,
    "mae_ci_low": 0.07700347375364956,
    "mae_ci_high": 0.0839552570035754,
    "mse_mean": 0.027173023189033238,
    "mse_median": 0.02709124060671128,
    "mse_ci_low": 0.025027395374741548,
    "mse_ci_high": 0.02960153540067204,
    "pearson_mean": 0.9714779160306756,
    "pearson_median": 0.9715212891245266,
    "pearson_ci_low": 0.9681165493957719,
    "pearson_ci_high": 0.974532628948875,
    "spearman_mean": 0.9521901890288773,
    "spearman_median": 0.952347696378306,
    "spearman_ci_low": 0.9440795088823084,
    "spearman_ci_high": 0.9601048734678929,
    "top_risk_auroc_mean": 0.9823121601355206,
    "top_risk_auroc_median": 0.9823164374683451,
    "top_risk_auroc_ci_low": 0.9804069054198036,
    "top_risk_auroc_ci_high": 0.9839772331101189,
    "top_risk_auprc_mean": 0.8414260919384832,
    "top_risk_auprc_median": 0.8417753106561318,
    "top_risk_auprc_ci_low": 0.8252573362485527,
    "top_risk_auprc_ci_high": 0.8564907097768679
  },
  "best_by_spearman_mean": {
    "predictor": "reliability_a4_image_only",
    "n_bootstrap": 1000,
    "mae_mean": 0.08031062115250674,
    "mae_median": 0.08017519228393002,
    "mae_ci_low": 0.07700347375364956,
    "mae_ci_high": 0.0839552570035754,
    "mse_mean": 0.027173023189033238,
    "mse_median": 0.02709124060671128,
    "mse_ci_low": 0.025027395374741548,
    "mse_ci_high": 0.02960153540067204,
    "pearson_mean": 0.9714779160306756,
    "pearson_median": 0.9715212891245266,
    "pearson_ci_low": 0.9681165493957719,
    "pearson_ci_high": 0.974532628948875,
    "spearman_mean": 0.9521901890288773,
    "spearman_median": 0.952347696378306,
    "spearman_ci_low": 0.9440795088823084,
    "spearman_ci_high": 0.9601048734678929,
    "top_risk_auroc_mean": 0.9823121601355206,
    "top_risk_auroc_median": 0.9823164374683451,
    "top_risk_auroc_ci_low": 0.9804069054198036,
    "top_risk_auroc_ci_high": 0.9839772331101189,
    "top_risk_auprc_mean": 0.8414260919384832,
    "top_risk_auprc_median": 0.8417753106561318,
    "top_risk_auprc_ci_low": 0.8252573362485527,
    "top_risk_auprc_ci_high": 0.8564907097768679
  },
  "outputs": {
    "bootstrap_samples_csv": "results/exp010_bootstrap_metrics/bootstrap_samples.csv",
    "bootstrap_summary_csv": "results/exp010_bootstrap_metrics/bootstrap_summary.csv",
    "bootstrap_differences_csv": "results/exp010_bootstrap_metrics/bootstrap_differences.csv",
    "summary_json": "results/exp010_bootstrap_metrics/summary.json"
  }
}