split,num_volumes,num_slices,x0_nmse_mean,out_nmse_mean,nmse_delta_out_minus_x0,x0_psnr_mean,out_psnr_mean,psnr_delta_out_minus_x0,x0_ssim_mean,out_ssim_mean,ssim_delta_out_minus_x0,x0_hfen_mean,out_hfen_mean,hfen_delta_out_minus_x0,x0_p99_ratio_mean,out_p99_ratio_mean
calibration,40,636,0.1304231278581678,0.08766918094313171,-0.042753946915036076,21.894099850369017,23.856374753551517,1.9622749031825002,0.20898632490883476,0.4865830421397594,0.2775967172309246,0.6900152813776262,0.5672704686676818,-0.12274481270994442,0.8924602799649749,0.9351866724568285
test,40,636,0.11635035804439602,0.08007884443795774,-0.03627151360643828,22.747872120738187,24.652258688678483,1.9043865679402963,0.21611320457810543,0.5071115165044812,0.2909983119263757,0.6928581393456884,0.56889695792592,-0.12396118141976842,0.8989822392285403,0.9363816730678082
train,201,3190,0.1181757856463562,0.07944915808360645,-0.03872662756274975,22.58563973104602,24.574641159641384,1.9890014285953654,0.21585430338443817,0.5057415886867311,0.28988728530229296,0.6888524372509252,0.5590340110162894,-0.1298184262346358,0.8975361192634683,0.9367686531677917
